USE billeterie;

SET FOREIGN_KEY_CHECKS = 0;

-- ==========
-- Lieux (5)
-- ==========
INSERT INTO Lieu (id_lieu, nom, adresse, ville, capacite) VALUES
(1,'Théâtre du Centre','12 rue Principale','Paris',800),
(2,'Salle Concorde','45 avenue Victor','Lyon',600),
(3,'Palais des Fêtes','1 place de la République','Marseille',1200),
(4,'Grand Auditorium','10 quai des Arts','Bordeaux',900),
(5,'Espace Scène Nord','3 rue du Parc','Lille',400);

-- ======================
-- Catégories de billets (3)
-- ======================
INSERT INTO CategorieBillet (id_categorie, nom, description, prix_sup) VALUES
(1,'Standard','Accès standard',0.00),
(2,'VIP','Accès VIP avec boissons',25.00),
(3,'Réduit','Tarif réduit (étudiants/seniors)',-5.00);

-- ======================
-- Événements (10)
-- ======================
-- Dates choisies autour d'octobre 2025 -> mars 2026
INSERT INTO Evenement (id_evenement, nom, description, date_evenement, heure, id_lieu, prix_base, capacite) VALUES
(1,'Concert Pop - Neon Night','Concert pop avec groupes locaux', '2025-10-20','20:30',1,30.00,800),
(2,'Théâtre - La Comédie Moderne','Pièce moderne en 3 actes','2025-11-05','19:00',2,25.00,600),
(3,'Festival Jazz','Soirée jazz internationale','2025-11-21','21:00',3,35.00,1200),
(4,'Conférence Tech','Talks sur IA et web','2025-12-03','09:30',4,15.00,900),
(5,'Spectacle Danse','Compagnie contemporaine','2025-12-18','19:30',5,28.00,400),
(6,'Salon Gastronomique','Dégustations et ateliers','2026-01-15','10:00',1,12.00,800),
(7,'Concert Rock','Tournée européenne','2026-02-10','20:00',3,40.00,1200),
(8,'Exposition Photo','Voyages et portraits','2026-02-28','18:00',2,10.00,600),
(9,'Soirée Stand-up','Humoristes émergents','2026-03-05','20:30',4,18.00,900),
(10,'Ballet Classique','Grand ballet du répertoire','2026-03-20','19:00',5,33.00,400);

-- ======================
-- Clients (~60)
-- ======================
INSERT INTO Client (id_client, nom, prenom, email, telephone) VALUES
(1,'Dupont','Jean','jean.dupont1@mail.com','0600000001'),
(2,'Martin','Sophie','sophie.martin2@mail.com','0600000002'),
(3,'Bernard','Luc','luc.bernard3@mail.com','0600000003'),
(4,'Petit','Claire','claire.petit4@mail.com','0600000004'),
(5,'Robert','Marc','marc.robert5@mail.com','0600000005'),
(6,'Richard','Julie','julie.richard6@mail.com','0600000006'),
(7,'Durand','Remi','remi.durand7@mail.com','0600000007'),
(8,'Moreau','Alice','alice.moreau8@mail.com','0600000008'),
(9,'Simon','Nicolas','nicolas.simon9@mail.com','0600000009'),
(10,'Laurent','Emma','emma.laurent10@mail.com','0600000010'),
(11,'Rousseau','Paul','paul.rousseau11@mail.com','0600000011'),
(12,'Gautier','Marine','marine.gautier12@mail.com','0600000012'),
(13,'Faure','Antoine','antoine.faure13@mail.com','0600000013'),
(14,'Leroy','Valerie','valerie.leroy14@mail.com','0600000014'),
(15,'Giraud','Hugo','hugo.giraud15@mail.com','0600000015'),
(16,'Blanc','Camille','camille.blanc16@mail.com','0600000016'),
(17,'Perrin','Thomas','thomas.perrin17@mail.com','0600000017'),
(18,'Bertrand','Claire','claire.bertrand18@mail.com','0600000018'),
(19,'Gomez','Alex','alex.gomez19@mail.com','0600000019'),
(20,'Boyer','Sarah','sarah.boyer20@mail.com','0600000020'),
(21,'Morel','Julien','julien.morel21@mail.com','0600000021'),
(22,'Girard','Laure','laure.girard22@mail.com','0600000022'),
(23,'Andre','Vincent','vincent.andre23@mail.com','0600000023'),
(24,'Mercier','Aline','aline.mercier24@mail.com','0600000024'),
(25,'Legrand','Olivier','olivier.legrand25@mail.com','0600000025'),
(26,'Gauthier','Lina','lina.gauthier26@mail.com','0600000026'),
(27,'Dupuis','Bastien','bastien.dupuis27@mail.com','0600000027'),
(28,'Langlois','Eva','eva.langlois28@mail.com','0600000028'),
(29,'Renaud','Cyril','cyril.renaud29@mail.com','0600000029'),
(30,'Renard','Sonia','sonia.renard30@mail.com','0600000030'),
(31,'Colin','Maxime','maxime.colin31@mail.com','0600000031'),
(32,'Garcia','Ines','ines.garcia32@mail.com','0600000032'),
(33,'Marchand','Adrien','adrien.marchand33@mail.com','0600000033'),
(34,'Piette','Manon','manon.piette34@mail.com','0600000034'),
(35,'Carpentier','Romain','romain.carpentier35@mail.com','0600000035'),
(36,'Barbier','Léa','lea.barbier36@mail.com','0600000036'),
(37,'Guillet','Malo','malo.guillet37@mail.com','0600000037'),
(38,'Lemoine','Anais','anais.lemoine38@mail.com','0600000038'),
(39,'Dupre','Theo','theo.dupre39@mail.com','0600000039'),
(40,'Masson','Clara','clara.masson40@mail.com','0600000040'),
(41,'Poulain','Simon','simon.poulain41@mail.com','0600000041'),
(42,'Collet','Emma','emma.collet42@mail.com','0600000042'),
(43,'Garnier','Pauline','pauline.garnier43@mail.com','0600000043'),
(44,'Noel','Antoine','antoine.noel44@mail.com','0600000044'),
(45,'Boutin','Chloe','chloe.boutin45@mail.com','0600000045'),
(46,'Chevalier','Adrienne','adrienne.chevalier46@mail.com','0600000046'),
(47,'Dufour','Luca','luca.dufour47@mail.com','0600000047'),
(48,'Colin','Rosa','rosa.colin48@mail.com','0600000048'),
(49,'Petit','Lucas','lucas.petit49@mail.com','0600000049'),
(50,'Fernandez','Mila','mila.fernandez50@mail.com','0600000050'),
(51,'Baron','Ethan','ethan.baron51@mail.com','0600000051'),
(52,'Pichon','Sarah','sarah.pichon52@mail.com','0600000052'),
(53,'Lucas','Leo','leo.lucas53@mail.com','0600000053'),
(54,'Olivier','Lana','lana.olivier54@mail.com','0600000054'),
(55,'Bourdon','Hector','hector.bourdon55@mail.com','0600000055'),
(56,'Charpentier','Luce','luce.charpentier56@mail.com','0600000056'),
(57,'Monnier','Noe','noe.monnier57@mail.com','0600000057'),
(58,'Roger','Maeva','maeva.roger58@mail.com','0600000058'),
(59,'Perrot','Gabriel','gabriel.perrot59@mail.com','0600000059'),
(60,'Leclerc','Julie','julie.leclerc60@mail.com','0600000060');

-- ======================
-- Paiements (100) : un paiement par billet ici pour la simplicité
-- ids explicites 1..100
-- ======================
-- On distribue les paiements sur des clients existants (cycle clients 1..60)
INSERT INTO Paiement (id_paiement, id_client, montant, date_paiement, mode, reference_paiement) VALUES
(1,1,30.00,'2025-10-01 10:00:00','carte','TXN0001'),
(2,2,25.00,'2025-10-01 10:05:00','carte','TXN0002'),
(3,3,35.00,'2025-10-02 11:00:00','paypal','TXN0003'),
(4,4,30.00,'2025-10-02 11:20:00','carte','TXN0004'),
(5,5,28.00,'2025-10-03 12:00:00','virement','TXN0005'),
(6,6,20.00,'2025-10-03 12:05:00','carte','TXN0006'),
(7,7,40.00,'2025-10-04 13:00:00','carte','TXN0007'),
(8,8,18.00,'2025-10-04 13:10:00','paypal','TXN0008'),
(9,9,33.00,'2025-10-05 14:00:00','carte','TXN0009'),
(10,10,12.00,'2025-10-05 14:10:00','carte','TXN0010'),
(11,11,30.00,'2025-10-06 09:00:00','carte','TXN0011'),
(12,12,25.00,'2025-10-06 09:10:00','paypal','TXN0012'),
(13,13,35.00,'2025-10-07 10:00:00','carte','TXN0013'),
(14,14,30.00,'2025-10-07 10:20:00','virement','TXN0014'),
(15,15,28.00,'2025-10-08 11:00:00','carte','TXN0015'),
(16,16,20.00,'2025-10-08 11:30:00','paypal','TXN0016'),
(17,17,40.00,'2025-10-09 12:00:00','carte','TXN0017'),
(18,18,18.00,'2025-10-09 12:30:00','carte','TXN0018'),
(19,19,33.00,'2025-10-10 13:00:00','paypal','TXN0019'),
(20,20,12.00,'2025-10-10 13:15:00','carte','TXN0020'),
(21,21,30.00,'2025-10-11 09:05:00','carte','TXN0021'),
(22,22,25.00,'2025-10-11 09:25:00','paypal','TXN0022'),
(23,23,35.00,'2025-10-12 10:15:00','carte','TXN0023'),
(24,24,30.00,'2025-10-12 10:40:00','virement','TXN0024'),
(25,25,28.00,'2025-10-13 11:05:00','carte','TXN0025'),
(26,26,20.00,'2025-10-13 11:30:00','paypal','TXN0026'),
(27,27,40.00,'2025-10-14 12:00:00','carte','TXN0027'),
(28,28,18.00,'2025-10-14 12:10:00','carte','TXN0028'),
(29,29,33.00,'2025-10-15 13:00:00','paypal','TXN0029'),
(30,30,12.00,'2025-10-15 13:20:00','carte','TXN0030'),
(31,31,30.00,'2025-10-16 09:00:00','carte','TXN0031'),
(32,32,25.00,'2025-10-16 09:10:00','paypal','TXN0032'),
(33,33,35.00,'2025-10-17 10:00:00','carte','TXN0033'),
(34,34,30.00,'2025-10-17 10:25:00','virement','TXN0034'),
(35,35,28.00,'2025-10-18 11:00:00','carte','TXN0035'),
(36,36,20.00,'2025-10-18 11:15:00','paypal','TXN0036'),
(37,37,40.00,'2025-10-19 12:00:00','carte','TXN0037'),
(38,38,18.00,'2025-10-19 12:20:00','carte','TXN0038'),
(39,39,33.00,'2025-10-20 13:05:00','paypal','TXN0039'),
(40,40,12.00,'2025-10-20 13:25:00','carte','TXN0040'),
(41,41,30.00,'2025-10-21 09:10:00','carte','TXN0041'),
(42,42,25.00,'2025-10-21 09:30:00','paypal','TXN0042'),
(43,43,35.00,'2025-10-22 10:00:00','carte','TXN0043'),
(44,44,30.00,'2025-10-22 10:45:00','virement','TXN0044'),
(45,45,28.00,'2025-10-23 11:10:00','carte','TXN0045'),
(46,46,20.00,'2025-10-23 11:35:00','paypal','TXN0046'),
(47,47,40.00,'2025-10-24 12:00:00','carte','TXN0047'),
(48,48,18.00,'2025-10-24 12:15:00','carte','TXN0048'),
(49,49,33.00,'2025-10-25 13:00:00','paypal','TXN0049'),
(50,50,12.00,'2025-10-25 13:22:00','carte','TXN0050'),
(51,51,30.00,'2025-10-26 09:05:00','carte','TXN0051'),
(52,52,25.00,'2025-10-26 09:18:00','paypal','TXN0052'),
(53,53,35.00,'2025-10-27 10:12:00','carte','TXN0053'),
(54,54,30.00,'2025-10-27 10:30:00','virement','TXN0054'),
(55,55,28.00,'2025-10-28 11:00:00','carte','TXN0055'),
(56,56,20.00,'2025-10-28 11:20:00','paypal','TXN0056'),
(57,57,40.00,'2025-10-29 12:00:00','carte','TXN0057'),
(58,58,18.00,'2025-10-29 12:15:00','carte','TXN0058'),
(59,59,33.00,'2025-10-30 13:00:00','paypal','TXN0059'),
(60,60,12.00,'2025-10-30 13:10:00','carte','TXN0060'),
(61,1,30.00,'2025-11-01 10:00:00','carte','TXN0061'),
(62,2,25.00,'2025-11-01 10:05:00','paypal','TXN0062'),
(63,3,35.00,'2025-11-02 11:00:00','carte','TXN0063'),
(64,4,30.00,'2025-11-02 11:20:00','virement','TXN0064'),
(65,5,28.00,'2025-11-03 12:00:00','carte','TXN0065'),
(66,6,20.00,'2025-11-03 12:05:00','paypal','TXN0066'),
(67,7,40.00,'2025-11-04 13:00:00','carte','TXN0067'),
(68,8,18.00,'2025-11-04 13:10:00','carte','TXN0068'),
(69,9,33.00,'2025-11-05 14:00:00','paypal','TXN0069'),
(70,10,12.00,'2025-11-05 14:10:00','carte','TXN0070'),
(71,11,30.00,'2025-11-06 09:00:00','carte','TXN0071'),
(72,12,25.00,'2025-11-06 09:10:00','paypal','TXN0072'),
(73,13,35.00,'2025-11-07 10:00:00','carte','TXN0073'),
(74,14,30.00,'2025-11-07 10:20:00','virement','TXN0074'),
(75,15,28.00,'2025-11-08 11:00:00','carte','TXN0075'),
(76,16,20.00,'2025-11-08 11:30:00','paypal','TXN0076'),
(77,17,40.00,'2025-11-09 12:00:00','carte','TXN0077'),
(78,18,18.00,'2025-11-09 12:30:00','carte','TXN0078'),
(79,19,33.00,'2025-11-10 13:00:00','paypal','TXN0079'),
(80,20,12.00,'2025-11-10 13:15:00','carte','TXN0080'),
(81,21,30.00,'2025-11-11 09:05:00','carte','TXN0081'),
(82,22,25.00,'2025-11-11 09:25:00','paypal','TXN0082'),
(83,23,35.00,'2025-11-12 10:15:00','carte','TXN0083'),
(84,24,30.00,'2025-11-12 10:40:00','virement','TXN0084'),
(85,25,28.00,'2025-11-13 11:05:00','carte','TXN0085'),
(86,26,20.00,'2025-11-13 11:30:00','paypal','TXN0086'),
(87,27,40.00,'2025-11-14 12:00:00','carte','TXN0087'),
(88,28,18.00,'2025-11-14 12:10:00','carte','TXN0088'),
(89,29,33.00,'2025-11-15 13:00:00','paypal','TXN0089'),
(90,30,12.00,'2025-11-15 13:20:00','carte','TXN0090'),
(91,31,30.00,'2025-11-16 09:00:00','carte','TXN0091'),
(92,32,25.00,'2025-11-16 09:10:00','paypal','TXN0092'),
(93,33,35.00,'2025-11-17 10:00:00','carte','TXN0093'),
(94,34,30.00,'2025-11-17 10:25:00','virement','TXN0094'),
(95,35,28.00,'2025-11-18 11:00:00','carte','TXN0095'),
(96,36,20.00,'2025-11-18 11:15:00','paypal','TXN0096'),
(97,37,40.00,'2025-11-19 12:00:00','carte','TXN0097'),
(98,38,18.00,'2025-11-19 12:20:00','carte','TXN0098'),
(99,39,33.00,'2025-11-20 13:05:00','paypal','TXN0099'),
(100,40,12.00,'2025-11-20 13:25:00','carte','TXN0100');

-- ======================
-- Billets (100)
-- ======================
-- On crée 100 billets, chaque billet réfère à un paiement id X (id_paiement = X)
-- Nous distribuons clients et événements de façon cyclique pour diversité.
INSERT INTO Billet (id_billet, id_client, id_evenement, id_categorie, id_paiement, prix, date_achat, code_barre, place) VALUES
(1,1,1,1,1,30.00,'2025-10-01 10:00:00','BC0001','A1'),
(2,2,2,1,2,25.00,'2025-10-01 10:05:00','BC0002','B3'),
(3,3,3,2,3,60.00,'2025-10-02 11:00:00','BC0003','C5'),
(4,4,1,1,4,30.00,'2025-10-02 11:20:00','BC0004','A2'),
(5,5,5,2,5,53.00,'2025-10-03 12:00:00','BC0005','D10'),
(6,6,6,1,6,20.00,'2025-10-03 12:05:00','BC0006','E1'),
(7,7,7,2,7,65.00,'2025-10-04 13:00:00','BC0007','F2'),
(8,8,9,1,8,18.00,'2025-10-04 13:10:00','BC0008','G4'),
(9,9,10,3,9,48.00,'2025-10-05 14:00:00','BC0009','H1'),
(10,10,6,1,10,12.00,'2025-10-05 14:10:00','BC0010','I3'),
(11,11,1,1,11,30.00,'2025-10-06 09:00:00','BC0011','A3'),
(12,12,2,3,12,20.00,'2025-10-06 09:10:00','BC0012','B4'),
(13,13,3,1,13,35.00,'2025-10-07 10:00:00','BC0013','C6'),
(14,14,4,1,14,30.00,'2025-10-07 10:20:00','BC0014','D1'),
(15,15,5,1,15,28.00,'2025-10-08 11:00:00','BC0015','D11'),
(16,16,6,3,16,35.00,'2025-10-08 11:30:00','BC0016','E2'),
(17,17,7,2,17,60.00,'2025-10-09 12:00:00','BC0017','F3'),
(18,18,8,1,18,18.00,'2025-10-09 12:30:00','BC0018','G1'),
(19,19,9,1,19,33.00,'2025-10-10 13:00:00','BC0019','H2'),
(20,20,10,1,20,12.00,'2025-10-10 13:15:00','BC0020','I4'),
(21,21,1,2,21,55.00,'2025-10-11 09:05:00','BC0021','A4'),
(22,22,2,1,22,25.00,'2025-10-11 09:25:00','BC0022','B5'),
(23,23,3,1,23,35.00,'2025-10-12 10:15:00','BC0023','C7'),
(24,24,4,2,24,55.00,'2025-10-12 10:40:00','BC0024','D2'),
(25,25,5,3,25,23.00,'2025-10-13 11:05:00','BC0025','D12'),
(26,26,6,1,26,20.00,'2025-10-13 11:30:00','BC0026','E3'),
(27,27,7,1,27,40.00,'2025-10-14 12:00:00','BC0027','F4'),
(28,28,8,1,28,18.00,'2025-10-14 12:10:00','BC0028','G2'),
(29,29,9,2,29,58.00,'2025-10-15 13:00:00','BC0029','H3'),
(30,30,10,3,30,24.00,'2025-10-15 13:20:00','BC0030','I5'),
(31,31,1,1,31,30.00,'2025-10-16 09:00:00','BC0031','A5'),
(32,32,2,2,32,50.00,'2025-10-16 09:10:00','BC0032','B6'),
(33,33,3,1,33,35.00,'2025-10-17 10:00:00','BC0033','C8'),
(34,34,4,1,34,30.00,'2025-10-17 10:25:00','BC0034','D3'),
(35,35,5,2,35,53.00,'2025-10-18 11:00:00','BC0035','D13'),
(36,36,6,1,36,20.00,'2025-10-18 11:15:00','BC0036','E4'),
(37,37,7,3,37,80.00,'2025-10-19 12:00:00','BC0037','F5'),
(38,38,8,1,38,18.00,'2025-10-19 12:20:00','BC0038','G3'),
(39,39,9,1,39,33.00,'2025-10-20 13:05:00','BC0039','H4'),
(40,40,10,1,40,12.00,'2025-10-20 13:25:00','BC0040','I6'),
(41,41,1,1,41,30.00,'2025-10-21 09:10:00','BC0041','A6'),
(42,42,2,1,42,25.00,'2025-10-21 09:30:00','BC0042','B7'),
(43,43,3,3,43,45.00,'2025-10-22 10:00:00','BC0043','C9'),
(44,44,4,1,44,30.00,'2025-10-22 10:45:00','BC0044','D4'),
(45,45,5,1,45,28.00,'2025-10-23 11:10:00','BC0045','D14'),
(46,46,6,2,46,40.00,'2025-10-23 11:35:00','BC0046','E5'),
(47,47,7,1,47,40.00,'2025-10-24 12:00:00','BC0047','F6'),
(48,48,8,3,48,28.00,'2025-10-24 12:15:00','BC0048','G5'),
(49,49,9,1,49,33.00,'2025-10-25 13:00:00','BC0049','H5'),
(50,50,10,1,50,12.00,'2025-10-25 13:22:00','BC0050','I7'),
(51,51,1,2,51,55.00,'2025-10-26 09:05:00','BC0051','A7'),
(52,52,2,1,52,25.00,'2025-10-26 09:18:00','BC0052','B8'),
(53,53,3,1,53,35.00,'2025-10-27 10:12:00','BC0053','C10'),
(54,54,4,1,54,30.00,'2025-10-27 10:30:00','BC0054','D5'),
(55,55,5,2,55,53.00,'2025-10-28 11:00:00','BC0055','D15'),
(56,56,6,1,56,20.00,'2025-10-28 11:20:00','BC0056','E6'),
(57,57,7,1,57,40.00,'2025-10-29 12:00:00','BC0057','F7'),
(58,58,8,1,58,18.00,'2025-10-29 12:20:00','BC0058','G6'),
(59,59,9,3,59,58.00,'2025-10-30 13:05:00','BC0059','H6'),
(60,60,10,1,60,12.00,'2025-10-30 13:25:00','BC0060','I8'),
(61,1,1,1,61,30.00,'2025-11-01 10:00:00','BC0061','A8'),
(62,2,2,1,62,25.00,'2025-11-01 10:05:00','BC0062','B9'),
(63,3,3,2,63,60.00,'2025-11-02 11:00:00','BC0063','C11'),
(64,4,4,1,64,30.00,'2025-11-02 11:20:00','BC0064','D6'),
(65,5,5,1,65,28.00,'2025-11-03 12:00:00','BC0065','D16'),
(66,6,6,3,66,32.00,'2025-11-03 12:05:00','BC0066','E7'),
(67,7,7,2,67,60.00,'2025-11-04 13:00:00','BC0067','F8'),
(68,8,8,1,68,18.00,'2025-11-04 13:10:00','BC0068','G7'),
(69,9,9,1,69,33.00,'2025-11-05 14:00:00','BC0069','H7'),
(70,10,10,3,70,24.00,'2025-11-05 14:10:00','BC0070','I9'),
(71,11,1,1,71,30.00,'2025-11-06 09:00:00','BC0071','A9'),
(72,12,2,2,72,50.00,'2025-11-06 09:10:00','BC0072','B10'),
(73,13,3,1,73,35.00,'2025-11-07 10:00:00','BC0073','C12'),
(74,14,4,1,74,30.00,'2025-11-07 10:20:00','BC0074','D7'),
(75,15,5,3,75,23.00,'2025-11-08 11:00:00','BC0075','D17'),
(76,16,6,1,76,20.00,'2025-11-08 11:30:00','BC0076','E8'),
(77,17,7,1,77,40.00,'2025-11-09 12:00:00','BC0077','F9'),
(78,18,8,1,78,18.00,'2025-11-09 12:30:00','BC0078','G8'),
(79,19,9,2,79,58.00,'2025-11-10 13:00:00','BC0079','H8'),
(80,20,10,1,80,12.00,'2025-11-10 13:15:00','BC0080','I10'),
(81,21,1,1,81,30.00,'2025-11-11 09:05:00','BC0081','A10'),
(82,22,2,1,82,25.00,'2025-11-11 09:25:00','BC0082','B11'),
(83,23,3,2,83,60.00,'2025-11-12 10:15:00','BC0083','C13'),
(84,24,4,1,84,30.00,'2025-11-12 10:40:00','BC0084','D8'),
(85,25,5,1,85,28.00,'2025-11-13 11:05:00','BC0085','D18'),
(86,26,6,3,86,32.00,'2025-11-13 11:30:00','BC0086','E9'),
(87,27,7,1,87,40.00,'2025-11-14 12:00:00','BC0087','F10'),
(88,28,8,1,88,18.00,'2025-11-14 12:10:00','BC0088','G9'),
(89,29,9,1,89,33.00,'2025-11-15 13:00:00','BC0089','H9'),
(90,30,10,2,90,32.00,'2025-11-15 13:20:00','BC0090','I11'),
(91,31,1,3,91,23.00,'2025-11-16 09:00:00','BC0091','A11'),
(92,32,2,1,92,25.00,'2025-11-16 09:10:00','BC0092','B12'),
(93,33,3,1,93,35.00,'2025-11-17 10:00:00','BC0093','C14'),
(94,34,4,2,94,55.00,'2025-11-17 10:25:00','BC0094','D9'),
(95,35,5,1,95,28.00,'2025-11-18 11:00:00','BC0095','D19'),
(96,36,6,1,96,20.00,'2025-11-18 11:15:00','BC0096','E10'),
(97,37,7,3,97,80.00,'2025-11-19 12:00:00','BC0097','F11'),
(98,38,8,1,98,18.00,'2025-11-19 12:20:00','BC0098','G10'),
(99,39,9,1,99,33.00,'2025-11-20 13:05:00','BC0099','H10'),
(100,40,10,1,100,12.00,'2025-11-20 13:25:00','BC0100','I12');

SET FOREIGN_KEY_CHECKS = 1;
